<?xml version='1.0' encoding='UTF-8'?>
<!DOCTYPE hibernate-configuration PUBLIC
          "-//Hibernate/Hibernate Configuration DTD 3.0//EN"
          "http://hibernate.sourceforge.net/hibernate-configuration-3.0.dtd">

<!-- Generated by MyEclipse Hibernate Tools.                   -->
<hibernate-configuration>

	<session-factory>
		<property name="dialect">
			org.hibernate.dialect.Oracle9Dialect
		</property>
		<property name="connection.url">
			jdbc:oracle:thin:@127.0.0.1:1521:orcl
		</property>
		<property name="connection.username">scott</property>
		<property name="connection.password">tiger</property>
		<property name="connection.driver_class">
			oracle.jdbc.driver.OracleDriver
		</property>
		<property name="myeclipse.connection.profile">
			oracle.jdbc.driver.OracleDriver
		</property>
		<property name="show_sql">true</property>
		<mapping resource="com/andy/entity/Question.hbm.xml" />
		<mapping resource="com/andy/entity/Student.hbm.xml" />
		<mapping resource="com/andy/entity/Teacher.hbm.xml" />
		<mapping resource="com/andy/entity/Course.hbm.xml" />
		<mapping resource="com/andy/entity/Score.hbm.xml" />
		<mapping resource="com/andy/entity/Manager.hbm.xml" />
	</session-factory>

</hibernate-configuration>