<?xml version="1.0" encoding="utf-8"?>
<!DOCTYPE hibernate-mapping PUBLIC "-//Hibernate/Hibernate Mapping DTD 3.0//EN"
"http://hibernate.sourceforge.net/hibernate-mapping-3.0.dtd">
<!-- 
    Mapping file autogenerated by MyEclipse Persistence Tools
-->
<hibernate-mapping>
    <class name="com.andy.entity.Course" table="COURSE" schema="SCOTT">
        <id name="id" type="java.lang.String">
            <column name="ID" length="20" />
            <generator class="assigned" />
        </id>
        <property name="name" type="java.lang.String">
            <column name="NAME" length="20" />
        </property>
        <set name="teachers" table="course_teacher" cascade="save-update">
        	<key column="id"></key>
        	<many-to-many class="com.andy.entity.Teacher" column="tid"></many-to-many>
        </set>
        <set name="students" table="course_student" cascade="save-update">
        	<key column="id"></key>
        	<many-to-many class="com.andy.entity.Student" column="sid"></many-to-many>
        </set>
        <!--
        	<set name="scores" table="course_score" cascade="save-update">
        		<key column="id"></key>
        		<many-to-many class="com.andy.entity.Score" column="sid"></many-to-many>
       		</set>
       --> 
    </class>
</hibernate-mapping>
