<?xml version="1.0" encoding="utf-8"?>
<!DOCTYPE hibernate-mapping PUBLIC "-//Hibernate/Hibernate Mapping DTD 3.0//EN"
"http://hibernate.sourceforge.net/hibernate-mapping-3.0.dtd">
<!-- 
    Mapping file autogenerated by MyEclipse Persistence Tools
-->
<hibernate-mapping>
    <class name="com.andy.entity.Question" table="QUESTION" schema="SCOTT">
        <id name="id" type="string">
            <column name="ID" length="20"/>
            <generator class="assigned" />
        </id>
        <property name="ques" type="java.lang.String">
            <column name="QUES" length="200" not-null="true" />
        </property>
        <property name="choose1" type="java.lang.String">
            <column name="CHOOSE1" length="200" not-null="true" />
        </property>
        <property name="choose2" type="java.lang.String">
            <column name="CHOOSE2" length="200" not-null="true" />
        </property>
        <property name="choose3" type="java.lang.String">
            <column name="CHOOSE3" length="200" not-null="true" />
        </property>
        <property name="choose4" type="java.lang.String">
            <column name="CHOOSE4" length="200" not-null="true" />
        </property>
        <property name="anwser" type="java.lang.String">
            <column name="ANWSER" length="4" not-null="true" />
        </property>
        <many-to-one name="course" cascade="save-update" class="com.andy.entity.Course">
        	<column name="COURSEID"></column>
        </many-to-one>
    </class>
</hibernate-mapping>
